label, Latitude, Longitude
10, 40.761175, -73.97508999999998
10, 40.761283, -73.974929
10, 40.761342, -73.975046
10, 40.761298, -73.97490999999998
10, 40.761065, -73.974815
10, 40.760889, -73.97513399999998
10, 40.760965, -73.975234
10, 40.761092, -73.975052
10, 40.761368, -73.975058
10, 40.761306, -73.975036
10, 40.760985, -73.975003
10, 40.761182, -73.974753
10, 40.761482, -73.97493
10, 40.761377, -73.97467799999998
10, 40.761533, -73.97489899999998
10, 40.761336, -73.97475199999998
10, 40.761627, -73.97499399999998
10, 40.76159, -73.97501099999998
10, 40.761587, -73.97497099999998
10, 40.760827, -73.974737
10, 40.761103, -73.97454
10, 40.760712, -73.97517499999998
10, 40.760841, -73.97544
10, 40.761587, -73.97522399999998
10, 40.761608, -73.974715
10, 40.76173, -73.974987
10, 40.761681, -73.974755
10, 40.761272, -73.97439799999998
10, 40.760757, -73.974722
10, 40.760733, -73.97475699999998
10, 40.760689, -73.974655
10, 40.761033, -73.974407
10, 40.760628, -73.975413
10, 40.760802, -73.97555199999998
10, 40.76088, -73.97556299999998
10, 40.76181, -73.975345
10, 40.761393, -73.97538
10, 40.761976, -73.97475199999998
10, 40.761155, -73.974143
10, 40.760472, -73.974823
10, 40.76092, -73.974258
10, 40.760504, -73.97565799999998
10, 40.760515, -73.97543299999998
10, 40.760493, -73.97555199999998
10, 40.76093, -73.975798
10, 40.762108, -73.97458
10, 40.762113, -73.97457
10, 40.762178, -73.974607
10, 40.76203, -73.974517
10, 40.761862, -73.97449
10, 40.760259, -73.97574299999998
10, 40.760425, -73.975744
10, 40.76063, -73.975914
10, 40.760419, -73.975755
10, 40.760277, -73.975835
10, 40.760295, -73.975353
10, 40.760248, -73.975415
10, 40.760216, -73.975544
10, 40.7623, -73.97445399999998
10, 40.762241, -73.974517
10, 40.76222, -73.97436299999998
10, 40.762203, -73.974306
10, 40.762077, -73.974421
10, 40.762345, -73.97456699999998
10, 40.762394, -73.974598
10, 40.761626, -73.974361
10, 40.761608, -73.974361
10, 40.76034, -73.976006
10, 40.760324, -73.975975
10, 40.760183, -73.97597
10, 40.760442, -73.97605699999998
10, 40.759925, -73.975485
10, 40.759947, -73.97543799999998
10, 40.762454, -73.974332
10, 40.762433, -73.974267
10, 40.762312, -73.97426199999998
10, 40.762374, -73.974114
10, 40.761988, -73.974215
10, 40.762242, -73.974098
10, 40.762252, -73.97405
10, 40.762354, -73.974058
10, 40.762362, -73.974095
10, 40.762612, -73.97450399999998
10, 40.761578, -73.974327
10, 40.761675, -73.97418299999998
10, 40.759943, -73.975975
10, 40.760633, -73.976217
10, 40.759638, -73.975423
10, 40.759948, -73.97574199999998
10, 40.759852, -73.975567
10, 40.759715, -73.97546199999998
10, 40.759947, -73.97516
10, 40.762643, -73.974396
10, 40.762692, -73.97435299999998
10, 40.762458, -73.97408799999998
10, 40.762512, -73.97409
10, 40.762513, -73.974233
10, 40.762543, -73.974253
10, 40.762662, -73.974089
10, 40.762522, -73.974013
10, 40.762619, -73.973974
10, 40.762257, -73.97390699999998
10, 40.762105, -73.97400299999998
10, 40.76202, -73.97396
10, 40.762425, -73.973785
10, 40.762858, -73.97460499999998
10, 40.761666, -73.973974
10, 40.760033, -73.976248
10, 40.759669, -73.97597299999998
10, 40.759717, -73.97611499999998
10, 40.759687, -73.975869
10, 40.759796, -73.97599599999998
10, 40.759481, -73.97555
10, 40.759452, -73.975448
10, 40.759567, -73.97545499999998
10, 40.75969, -73.975282
10, 40.762738, -73.974219
10, 40.762724, -73.974152
10, 40.762926, -73.97436899999998
10, 40.762945, -73.974221
10, 40.762875, -73.97416
10, 40.762742, -73.97405
10, 40.76281, -73.97407699999998
10, 40.762883, -73.973967
10, 40.762782, -73.973922
10, 40.762745, -73.973878
10, 40.762905, -73.973983
10, 40.762948, -73.97414
10, 40.762787, -73.973921
10, 40.762803, -73.97380699999998
10, 40.761967, -73.97387999999998
10, 40.761901, -73.97382299999998
10, 40.762943, -73.974523
10, 40.759969, -73.976489
10, 40.759923, -73.97644599999998
10, 40.759798, -73.976393
10, 40.759485, -73.976113
10, 40.759548, -73.975752
10, 40.759617, -73.976083
10, 40.759448, -73.976106
10, 40.759725, -73.976365
10, 40.75951, -73.97633
10, 40.759651, -73.976338
10, 40.75932, -73.97565
10, 40.759864, -73.975049
10, 40.762992, -73.97403699999998
10, 40.763157, -73.974298
10, 40.763189, -73.974383
10, 40.763062, -73.974163
10, 40.763241, -73.974193
10, 40.762994, -73.974019
10, 40.76287, -73.97369999999998
10, 40.763069, -73.973819
10, 40.763178, -73.973928
10, 40.762912, -73.97376199999998
10, 40.76286, -73.973752
10, 40.762985, -73.973703
10, 40.762728, -73.97367
10, 40.762918, -73.97365399999998
10, 40.763187, -73.97389699999998
10, 40.763186, -73.97388599999998
10, 40.763038, -73.97367699999998
10, 40.762989, -73.973607
10, 40.761649, -73.97378899999998
10, 40.759501, -73.97640599999998
10, 40.75925, -73.97605299999998
10, 40.759473, -73.976399
10, 40.75924, -73.976263
10, 40.75916, -73.976152
10, 40.759257, -73.97638999999998
10, 40.763196, -73.973877
10, 40.763122, -73.973768
10, 40.763274, -73.974267
10, 40.763344, -73.974153
10, 40.763318, -73.974332
10, 40.763408, -73.97425099999998
10, 40.763342, -73.974638
10, 40.763318, -73.973933
10, 40.763138, -73.97373
10, 40.763111, -73.97353099999998
10, 40.7631, -73.973613
10, 40.763271, -73.973707
10, 40.763222, -73.973793
10, 40.763366, -73.973782
10, 40.763279, -73.97388499999998
10, 40.763241, -73.97359899999998
10, 40.763258, -73.973651
10, 40.763381, -73.973813
10, 40.762653, -73.97347
10, 40.763169, -73.97346299999998
10, 40.763059, -73.973341
10, 40.759342, -73.97662699999998
10, 40.75915, -73.97592
10, 40.759134, -73.97622599999998
10, 40.758971, -73.975972
10, 40.759127, -73.976207
10, 40.759133, -73.97611999999998
10, 40.758978, -73.976177
10, 40.759181, -73.976298
10, 40.758987, -73.976325
10, 40.759137, -73.976445
10, 40.758918, -73.97609
10, 40.76332, -73.97354799999998
10, 40.763552, -73.97379499999998
10, 40.763182, -73.97332799999998
10, 40.763133, -73.973248
10, 40.763533, -73.973633
10, 40.76344, -73.973597
10, 40.763563, -73.973556
10, 40.76361, -73.973612
10, 40.762819, -73.973301
10, 40.762937, -73.973132
10, 40.759368, -73.976782
10, 40.759302, -73.97687999999998
10, 40.758977, -73.97569799999998
10, 40.758945, -73.976383
10, 40.758878, -73.97632799999998
10, 40.758792, -73.976123
10, 40.758838, -73.97635699999998
10, 40.758823, -73.97637
10, 40.758895, -73.976445
10, 40.759043, -73.976659
10, 40.759018, -73.976697
10, 40.758625, -73.97615299999998
10, 40.75865, -73.976123
10, 40.763557, -73.973533
10, 40.763527, -73.97345
10, 40.7637, -73.973651
10, 40.763669, -73.97372699999998
10, 40.76342, -73.973245
10, 40.763654, -73.973505
10, 40.763666, -73.97337899999998
10, 40.76365, -73.97350799999998
10, 40.76374, -73.97338999999998
10, 40.763657, -73.97335699999998
10, 40.763848, -73.97345199999998
10, 40.762915, -73.97301799999998
10, 40.75877, -73.975498
10, 40.758925, -73.975418
10, 40.758883, -73.976675
10, 40.758778, -73.976567
10, 40.758773, -73.976562
10, 40.758665, -73.976528
10, 40.758597, -73.976388
10, 40.758708, -73.976577
10, 40.758963, -73.976715
10, 40.758927, -73.97683
10, 40.758928, -73.97693599999998
10, 40.75884, -73.976748
10, 40.758961, -73.97676699999998
10, 40.75847, -73.976175
10, 40.763958, -73.973651
10, 40.763918, -73.973583
10, 40.763505, -73.973073
10, 40.763805, -73.97329499999998
10, 40.763852, -73.973353
10, 40.76385, -73.973335
10, 40.763832, -73.97336699999998
10, 40.763794, -73.97329999999998
10, 40.763723, -73.97318
10, 40.763927, -73.973327
10, 40.763763, -73.97319199999998
10, 40.76375, -73.973217
10, 40.763873, -73.973133
10, 40.76401, -73.97345
10, 40.764047, -73.973364
10, 40.764055, -73.97340599999998
10, 40.764128, -73.973522
10, 40.75867, -73.976808
10, 40.758498, -73.976675
10, 40.758414, -73.97652499999998
10, 40.758588, -73.97682299999998
10, 40.758716, -73.977023
10, 40.758692, -73.97701499999998
10, 40.758692, -73.976988
10, 40.758768, -73.977164
10, 40.758702, -73.97713299999998
10, 40.758887, -73.977157
10, 40.758192, -73.976095
10, 40.763533, -73.972853
10, 40.763499, -73.972927
10, 40.764012, -73.973177
10, 40.764061, -73.973138
10, 40.76407, -73.973135
10, 40.763862, -73.972933
10, 40.764083, -73.97313
10, 40.76427, -73.97332
10, 40.758383, -73.97677799999998
10, 40.758397, -73.976893
10, 40.758512, -73.976808
10, 40.758424, -73.97680099999998
10, 40.758574, -73.977078
10, 40.758471, -73.97693599999998
10, 40.758526, -73.977091
10, 40.758493, -73.977294
10, 40.75807, -73.976095
10, 40.758192, -73.975892
10, 40.758077, -73.976022
10, 40.758098, -73.976287
10, 40.757988, -73.976027
10, 40.758123, -73.976273
10, 40.758219, -73.975958
10, 40.758138, -73.97616999999998
10, 40.757967, -73.97620999999998
10, 40.763707, -73.972847
10, 40.76402, -73.97273199999998
10, 40.764483, -73.973482
10, 40.764452, -73.973538
10, 40.764488, -73.97324999999998
10, 40.758188, -73.97677
10, 40.75828, -73.977107
10, 40.758338, -73.977125
10, 40.758449, -73.977345
10, 40.758478, -73.97754299999998
10, 40.758183, -73.975612
10, 40.757784, -73.976387
10, 40.757805, -73.97640099999998
10, 40.764417, -73.97296199999998
10, 40.764675, -73.973082
10, 40.758103, -73.976663
10, 40.758032, -73.976967
10, 40.757994, -73.97680599999998
10, 40.75817, -73.97735
10, 40.758035, -73.977052
10, 40.758234, -73.977479
10, 40.758663, -73.97756699999998
10, 40.758457, -73.97549999999998
10, 40.758075, -73.97547799999998
10, 40.75834, -73.975603
10, 40.764462, -73.97273
10, 40.764582, -73.97275999999998
10, 40.764496, -73.97280499999998
10, 40.764465, -73.97274299999998
10, 40.764474, -73.972891
10, 40.764613, -73.972868
10, 40.764767, -73.972802
10, 40.75784, -73.97714499999998
10, 40.757817, -73.977175
10, 40.757825, -73.976995
10, 40.758073, -73.977356
10, 40.758044, -73.977501
10, 40.757964, -73.977514
10, 40.758111, -73.977501
10, 40.758149, -73.97741
10, 40.757928, -73.977374
10, 40.757933, -73.977495
10, 40.758069, -73.977542
10, 40.75806, -73.97748799999998
10, 40.7581, -73.977602
10, 40.757833, -73.97721199999998
10, 40.758462, -73.97546199999998
10, 40.758403, -73.975232
10, 40.758591, -73.975629
10, 40.758345, -73.97532599999998
10, 40.764693, -73.972727
10, 40.764592, -73.972688
10, 40.764571, -73.972695
10, 40.764638, -73.972672
10, 40.764771, -73.972586
10, 40.764776, -73.972587
10, 40.764748, -73.97263499999998
10, 40.764814, -73.97256199999998
10, 40.765033, -73.97271399999998
10, 40.757823, -73.977422
10, 40.75765, -73.977047
10, 40.757695, -73.977237
10, 40.757581, -73.97735199999998
10, 40.757783, -73.97771899999998
10, 40.757729, -73.977616
10, 40.757648, -73.977452
10, 40.757656, -73.977559
10, 40.758423, -73.975125
10, 40.75846, -73.975139
10, 40.758335, -73.97504499999998
10, 40.764683, -73.97242099999998
10, 40.757557, -73.977503
10, 40.757373, -73.977035
10, 40.757423, -73.97712699999998
10, 40.757367, -73.97743
10, 40.757367, -73.977467
10, 40.757388, -73.977568
10, 40.757877, -73.977995
10, 40.757871, -73.977829
10, 40.758618, -73.97491599999998
10, 40.758558, -73.97495399999998
10, 40.758093, -73.974992
10, 40.758495, -73.974815
10, 40.758412, -73.97481
10, 40.764753, -73.972173
10, 40.764768, -73.97225
10, 40.757213, -73.977438
10, 40.757267, -73.977654
10, 40.757173, -73.977495
10, 40.75707, -73.977394
10, 40.757322, -73.977773
10, 40.758121, -73.97797099999998
10, 40.758871, -73.974855
10, 40.757977, -73.97476299999998
10, 40.757825, -73.975047
10, 40.757854, -73.974822
10, 40.75862, -73.97458
10, 40.758198, -73.974638
10, 40.757111, -73.977798
10, 40.757177, -73.97793799999998
10, 40.756977, -73.97771199999998
10, 40.757053, -73.977795
10, 40.756832, -73.97749299999998
10, 40.756948, -73.977129
10, 40.757175, -73.97802
10, 40.757278, -73.978055
10, 40.759105, -73.97485899999998
10, 40.758899, -73.974575
10, 40.759058, -73.974963
10, 40.758065, -73.974689
10, 40.758115, -73.974677
10, 40.757942, -73.974492
10, 40.758141, -73.974541
10, 40.757755, -73.974627
10, 40.75755, -73.975138
10, 40.757667, -73.974793
10, 40.757572, -73.975048
10, 40.757615, -73.97511
10, 40.757748, -73.97529199999998
10, 40.757709, -73.975024
10, 40.757614, -73.974956
10, 40.757702, -73.975317
10, 40.758863, -73.974456
10, 40.75856, -73.974349
10, 40.758347, -73.974383
10, 40.757107, -73.97802799999998
10, 40.757073, -73.978001
10, 40.756997, -73.97783599999998
10, 40.756997, -73.977942
10, 40.757275, -73.978206
10, 40.757362, -73.978126
10, 40.756807, -73.97782499999998
10, 40.756805, -73.977946
10, 40.756724, -73.977844
10, 40.757448, -73.978069
10, 40.759165, -73.97511799999998
10, 40.759202, -73.975138
10, 40.759038, -73.974552
10, 40.759025, -73.975167
10, 40.75799, -73.97432999999998
10, 40.757657, -73.97441499999998
10, 40.757553, -73.974451
10, 40.757493, -73.975412
10, 40.757428, -73.975352
10, 40.757476, -73.97506
10, 40.757283, -73.975245
10, 40.757684, -73.975458
10, 40.75752, -73.975537
10, 40.758333, -73.97413799999998
10, 40.75843, -73.974267
10, 40.757458, -73.978297
10, 40.757179, -73.978402
10, 40.757149, -73.97837
10, 40.756675, -73.978048
10, 40.756836, -73.978223
10, 40.7566, -73.977582
10, 40.759384, -73.975143
10, 40.757275, -73.975283
10, 40.757563, -73.975693
10, 40.757155, -73.975407
10, 40.75723, -73.97556299999998
10, 40.757258, -73.974948
10, 40.757034, -73.97534799999998
10, 40.757042, -73.97522499999998
10, 40.75779, -73.975615
10, 40.758112, -73.97403799999998
10, 40.758225, -73.97403699999998
10, 40.756923, -73.97831399999998
10, 40.756551, -73.978228
10, 40.756603, -73.978389
10, 40.756372, -73.977518
10, 40.75637, -73.977508
10, 40.756512, -73.978333
10, 40.756562, -73.97837
10, 40.756307, -73.978215
10, 40.756423, -73.978477
10, 40.756339, -73.97833199999998
10, 40.756683, -73.978539
10, 40.756572, -73.978558
10, 40.756497, -73.978594
10, 40.756244, -73.978317
10, 40.756369, -73.977934
10, 40.75614, -73.978378
10, 40.756173, -73.97846
10, 40.756053, -73.97806799999998
10, 40.756219, -73.978667
10, 40.756229, -73.97865299999998
10, 40.756198, -73.97863599999998
10, 40.755978, -73.97819699999998
10, 40.756136, -73.978605
10, 40.756104, -73.978611
10, 40.755883, -73.97839
10, 40.755948, -73.97838299999998
10, 40.755887, -73.978503
10, 40.755899, -73.97824
10, 40.756112, -73.978633
10, 40.755958, -73.978627
10, 40.756062, -73.97784
10, 40.75607, -73.978018
10, 40.756144, -73.978937
10, 40.755946, -73.978657
10, 40.756151, -73.978774
10, 40.755833, -73.97829799999998
10, 40.755712, -73.978328
10, 40.755904, -73.977742
10, 40.75634, -73.977817
10, 40.755903, -73.97904699999998
10, 40.755927, -73.979031
10, 40.755548, -73.978222
10, 40.755619, -73.97810699999998
10, 40.755854, -73.979113
10, 40.755913, -73.979302
10, 40.755765, -73.97893999999998
10, 40.75561, -73.97900699999998
10, 40.75586, -73.979217
10, 40.755746, -73.97896699999998
10, 40.755423, -73.977925
10, 40.756107, -73.979445
10, 40.755568, -73.97872499999998
10, 40.755563, -73.978836
10, 40.755655, -73.9788
10, 40.755402, -73.978875
10, 40.755539, -73.979242
10, 40.755425, -73.978508
10, 40.755258, -73.979099
10, 40.755219, -73.979335
10, 40.755282, -73.97932799999998
10, 40.755097, -73.979235
10, 40.754982, -73.979315
10, 40.755186, -73.979455
10, 40.755268, -73.979585
10, 40.754946, -73.97945199999998
10, 40.755042, -73.979388
10, 40.755251, -73.979416
10, 40.755299, -73.97953599999998
10, 40.755494, -73.979472
10, 40.754943, -73.97946299999998
10, 40.754892, -73.979443
10, 40.754905, -73.979585
10, 40.754997, -73.979687
10, 40.755, -73.979656
10, 40.755129, -73.97971599999998
10, 40.755325, -73.979788
10, 40.75553, -73.979555
10, 40.755306, -73.97976099999998
10, 40.755063, -73.979769
10, 40.754717, -73.979573
10, 40.754722, -73.979594
10, 40.754692, -73.979393
10, 40.755617, -73.979552
10, 40.755408, -73.979927
10, 40.754655, -73.97981199999998
10, 40.754623, -73.979828
10, 40.754506, -73.97938999999998
10, 40.75443, -73.97944699999998
10, 40.75464, -73.979273
10, 40.754455, -73.979387
10, 40.754517, -73.980062
10, 40.754548, -73.97998099999998
10, 40.754522, -73.979905
10, 40.754315, -73.97919
10, 40.754372, -73.979247
10, 40.75477, -73.97904
10, 40.754692, -73.979015
10, 40.754282, -73.979185
10, 40.75446, -73.980249
10, 40.754443, -73.98018899999998
10, 40.754479, -73.98021199999998
10, 40.754289, -73.97973899999998
10, 40.754808, -73.978842
10, 40.754605, -73.97885499999998
10, 40.75471, -73.97878699999998
10, 40.754758, -73.97897299999998
10, 40.754235, -73.98025
10, 40.754375, -73.98039699999998
10, 40.754298, -73.980413
10, 40.754176, -73.980231
10, 40.754552, -73.978707
10, 40.754483, -73.978728
10, 40.753969, -73.980219
10, 40.754447, -73.980585
10, 40.754347, -73.97863499999998
10, 40.754528, -73.97846199999998
10, 40.753778, -73.98045
10, 40.75382, -73.980113
10, 40.753812, -73.980462
10, 40.753812, -73.980163
10, 40.754144, -73.978451
10, 40.754643, -73.97823699999998
10, 40.754665, -73.978301
10, 40.754685, -73.97837699999998
10, 40.753814, -73.980484
10, 40.753724, -73.980462
10, 40.753747, -73.97987999999998
10, 40.75356, -73.98006599999998
10, 40.754205, -73.978255
10, 40.753998, -73.978622
10, 40.754289, -73.978199
10, 40.754502, -73.977986
10, 40.754599, -73.977991
10, 40.7535, -73.98030199999998
10, 40.753457, -73.980253
10, 40.754112, -73.97798899999998
10, 40.75406, -73.97815
10, 40.75421, -73.97803999999998
10, 40.75386, -73.978887
10, 40.754063, -73.97875899999998
10, 40.753906, -73.978665
10, 40.754684, -73.977796
10, 40.754507, -73.977717
10, 40.754709, -73.97794299999998
10, 40.75446, -73.977787
10, 40.754747, -73.97793799999998
10, 40.754452, -73.97772
10, 40.754672, -73.97793
10, 40.754633, -73.977924
10, 40.754541, -73.977939
10, 40.75471, -73.977805
10, 40.754628, -73.977731
10, 40.754554, -73.97792599999998
10, 40.75477, -73.977762
10, 40.753382, -73.980553
10, 40.753318, -73.98048799999998
10, 40.753409, -73.98035799999998
10, 40.75326, -73.98032
10, 40.75424, -73.97781999999998
10, 40.754135, -73.97772299999998
10, 40.754165, -73.97776299999998
10, 40.754145, -73.97784699999998
10, 40.753891, -73.979096
10, 40.753715, -73.97897299999998
10, 40.753752, -73.97912599999998
10, 40.753715, -73.97846199999998
10, 40.754477, -73.977598
10, 40.754666, -73.97765099999998
10, 40.75453, -73.97763299999998
10, 40.754885, -73.97780799999998
10, 40.754508, -73.977512
10, 40.754447, -73.977582
10, 40.75454, -73.977463
10, 40.754242, -73.977615
10, 40.754343, -73.97746499999998
10, 40.754964, -73.97762199999998
10, 40.755042, -73.977779
10, 40.755038, -73.977823
10, 40.753329, -73.98058299999998
10, 40.753278, -73.98076
10, 40.753413, -73.98084199999998
10, 40.753325, -73.980593
10, 40.753177, -73.98052099999998
10, 40.753059, -73.980586
10, 40.752995, -73.980435
10, 40.753966, -73.977491
10, 40.753955, -73.97931199999998
10, 40.753925, -73.979253
10, 40.753485, -73.979146
10, 40.753546, -73.97879299999998
10, 40.753636, -73.978395
10, 40.753785, -73.978306
10, 40.753497, -73.978397
10, 40.753548, -73.978531
10, 40.754358, -73.977428
10, 40.75431, -73.977242
10, 40.755083, -73.977582
10, 40.7551, -73.977438
10, 40.755007, -73.978104
10, 40.753228, -73.98098299999998
10, 40.753105, -73.98079699999998
10, 40.753232, -73.98100499999998
10, 40.753613, -73.980975
10, 40.753653, -73.98098299999998
10, 40.753812, -73.97942999999998
10, 40.753232, -73.97906
10, 40.75336, -73.97923799999998
10, 40.753347, -73.978953
10, 40.753422, -73.979183
10, 40.75364, -73.978116
10, 40.753765, -73.978065
10, 40.754128, -73.97725099999998
10, 40.754212, -73.97703199999998
10, 40.75439, -73.976968
10, 40.754451, -73.97713299999998
10, 40.754462, -73.97708199999998
10, 40.754293, -73.977058
10, 40.755057, -73.977275
10, 40.755347, -73.977417
10, 40.753273, -73.981162
10, 40.753123, -73.98108899999998
10, 40.753159, -73.98108899999998
10, 40.753116, -73.981211
10, 40.753098, -73.981082
10, 40.753432, -73.981142
10, 40.752915, -73.980958
10, 40.753425, -73.981233
10, 40.753731, -73.98084
10, 40.753117, -73.97883799999998
10, 40.753082, -73.97923
10, 40.753064, -73.978989
10, 40.753178, -73.978775
10, 40.753675, -73.977958
10, 40.75362, -73.977997
10, 40.755515, -73.977213
10, 40.755475, -73.977175
10, 40.755301, -73.97718
10, 40.75553, -73.977198
10, 40.753035, -73.981335
10, 40.753004, -73.981297
10, 40.752905, -73.98125799999998
10, 40.753531, -73.981384
10, 40.752958, -73.97862499999998
10, 40.753252, -73.978586
10, 40.75295, -73.978656
10, 40.753016, -73.97860199999998
10, 40.75298, -73.97929499999998
10, 40.752947, -73.979265
10, 40.752888, -73.97908099999998
10, 40.752905, -73.979065
10, 40.753002, -73.979382
10, 40.753057, -73.979332
10, 40.755417, -73.977045
10, 40.75554, -73.976985
10, 40.755599, -73.977204
10, 40.75569, -73.977278
10, 40.755805, -73.977227
10, 40.75581, -73.977115
10, 40.755825, -73.977221
10, 40.752885, -73.98147799999998
10, 40.752692, -73.981415
10, 40.753087, -73.97836499999998
10, 40.753052, -73.97842699999998
10, 40.753005, -73.979529
10, 40.752657, -73.979218
10, 40.752654, -73.97907999999998
10, 40.752675, -73.979028
10, 40.752643, -73.979117
10, 40.752778, -73.979568
10, 40.75283, -73.97958199999998
10, 40.75273, -73.97949699999998
10, 40.755545, -73.97685
10, 40.755736, -73.976849
10, 40.755736, -73.976819
10, 40.755778, -73.977405
10, 40.755897, -73.977046
10, 40.755957, -73.977109
10, 40.7526, -73.981645
10, 40.752495, -73.98161
10, 40.752798, -73.979669
10, 40.752498, -73.97929399999998
10, 40.752547, -73.979073
10, 40.752573, -73.979481
10, 40.752548, -73.97915299999998
10, 40.752627, -73.97924299999998
10, 40.752525, -73.978952
10, 40.752523, -73.979151
10, 40.752361, -73.979123
10, 40.752353, -73.97907999999998
10, 40.752497, -73.979569
10, 40.752623, -73.979608
10, 40.75259, -73.979568
10, 40.752829, -73.979832
10, 40.75275, -73.97983999999998
10, 40.755403, -73.97664
10, 40.755798, -73.97681199999998
10, 40.755883, -73.97676199999998
10, 40.755945, -73.976675
10, 40.755862, -73.97673
10, 40.756117, -73.976843
10, 40.752365, -73.981796
10, 40.752482, -73.98174799999998
10, 40.752357, -73.98169199999998
10, 40.752359, -73.98161799999998
10, 40.752288, -73.981723
10, 40.752293, -73.979258
10, 40.752262, -73.979265
10, 40.75232, -73.979522
10, 40.752245, -73.979192
10, 40.752281, -73.97944099999998
10, 40.752248, -73.979085
10, 40.752393, -73.97882
10, 40.752346, -73.978734
10, 40.752195, -73.9792
10, 40.752167, -73.97896199999998
10, 40.752218, -73.97910299999998
10, 40.752134, -73.979225
10, 40.752247, -73.978818
10, 40.75224, -73.979588
10, 40.752213, -73.979539
10, 40.752394, -73.979797
10, 40.75301, -73.979989
10, 40.75514, -73.97672199999998
10, 40.755317, -73.976622
10, 40.755245, -73.976522
10, 40.755178, -73.976448
10, 40.755178, -73.976641
10, 40.756033, -73.976645
10, 40.756062, -73.97676199999998
10, 40.756011, -73.97664
10, 40.755923, -73.97653099999998
10, 40.755933, -73.976543
10, 40.755881, -73.97651399999998
10, 40.756316, -73.976754
10, 40.752137, -73.98188899999998
10, 40.752265, -73.98192899999998
10, 40.752203, -73.981493
10, 40.75202, -73.981763
10, 40.752037, -73.98158999999998
10, 40.752065, -73.979229
10, 40.752035, -73.979202
10, 40.75217, -73.97965499999998
10, 40.752306, -73.978738
10, 40.752247, -73.97862
10, 40.752182, -73.978758
10, 40.751923, -73.979124
10, 40.751949, -73.97904599999998
10, 40.751918, -73.979082
10, 40.751973, -73.97942999999998
10, 40.752087, -73.97972699999998
10, 40.755092, -73.97652499999998
10, 40.755107, -73.97644699999998
10, 40.754963, -73.97637799999998
10, 40.752077, -73.981948
10, 40.75203, -73.981888
10, 40.752162, -73.982145
10, 40.751986, -73.981965
10, 40.751987, -73.98174299999998
10, 40.75195, -73.98192
10, 40.751885, -73.981823
10, 40.75209, -73.981965
10, 40.752154, -73.982073
10, 40.752342, -73.981257
10, 40.752325, -73.98130299999998
10, 40.75184, -73.981637
10, 40.75175, -73.981752
10, 40.751928, -73.979668
10, 40.751903, -73.97973899999998
10, 40.752125, -73.978373
10, 40.75221, -73.978328
10, 40.752297, -73.97835
10, 40.752044, -73.97842
10, 40.751814, -73.978862
10, 40.751696, -73.979498
10, 40.75192, -73.979893
10, 40.75481, -73.976122
10, 40.754845, -73.97611399999998
10, 40.751893, -73.98211
10, 40.751932, -73.982299
10, 40.751698, -73.98194499999998
10, 40.751822, -73.98213099999998
10, 40.75172, -73.98189499999998
10, 40.751715, -73.98191199999998
10, 40.752255, -73.981103
10, 40.752402, -73.98117999999998
10, 40.751504, -73.981846
10, 40.751683, -73.97976699999998
10, 40.75185, -73.980023
10, 40.751836, -73.97996
10, 40.751911, -73.979994
10, 40.752363, -73.9782
10, 40.75228, -73.978128
10, 40.752252, -73.97810699999998
10, 40.752281, -73.978311
10, 40.752065, -73.978351
10, 40.752219, -73.978198
10, 40.752202, -73.978183
10, 40.752175, -73.978297
10, 40.752307, -73.978244
10, 40.752088, -73.97825
10, 40.752297, -73.978103
10, 40.752277, -73.97806699999998
10, 40.752334, -73.97806799999998
10, 40.752287, -73.97807199999998
10, 40.752268, -73.97807199999998
10, 40.752397, -73.978162
10, 40.752207, -73.978035
10, 40.752412, -73.97811
10, 40.752304, -73.97809599999998
10, 40.752314, -73.978102
10, 40.752333, -73.97807
10, 40.752357, -73.97817999999998
10, 40.752307, -73.97805599999998
10, 40.752448, -73.97833799999998
10, 40.752316, -73.978128
10, 40.752457, -73.978155
10, 40.752362, -73.97806799999998
10, 40.752357, -73.978057
10, 40.752448, -73.978133
10, 40.752387, -73.97808499999998
10, 40.751823, -73.978543
10, 40.751792, -73.978429
10, 40.75173, -73.978803
10, 40.751457, -73.97965999999998
10, 40.751527, -73.979573
10, 40.754778, -73.975879
10, 40.754665, -73.97627699999998
10, 40.754547, -73.97611
10, 40.751687, -73.982102
10, 40.751736, -73.982162
10, 40.75171, -73.982145
10, 40.751835, -73.982343
10, 40.752086, -73.982466
10, 40.752138, -73.98244699999998
10, 40.751406, -73.98192299999998
10, 40.751482, -73.98195699999998
10, 40.75145, -73.98210299999998
10, 40.752025, -73.981088
10, 40.751343, -73.98161799999998
10, 40.751293, -73.98175
10, 40.751485, -73.97983999999998
10, 40.75248, -73.977969
10, 40.752355, -73.977941
10, 40.752328, -73.978013
10, 40.752417, -73.977928
10, 40.752329, -73.977986
10, 40.752403, -73.977992
10, 40.752313, -73.97797799999998
10, 40.752547, -73.97810699999998
10, 40.752378, -73.978037
10, 40.752311, -73.977998
10, 40.752212, -73.97800499999998
10, 40.752445, -73.97793
10, 40.752139, -73.97795
10, 40.752316, -73.977867
10, 40.752317, -73.977891
10, 40.752295, -73.97784
10, 40.752186, -73.97787499999998
10, 40.752027, -73.97806199999998
10, 40.752269, -73.977827
10, 40.751807, -73.978216
10, 40.751831, -73.978145
10, 40.752251, -73.977771
10, 40.752608, -73.977967
10, 40.752534, -73.977861
10, 40.75209, -73.97781999999998
10, 40.752079, -73.977835
10, 40.751993, -73.97792699999998
10, 40.751937, -73.97794299999998
10, 40.752605, -73.97839
10, 40.752638, -73.978513
10, 40.752751, -73.978139
10, 40.751623, -73.97846
10, 40.751539, -73.978297
10, 40.751272, -73.979417
10, 40.754646, -73.97584999999998
10, 40.754507, -73.97583199999998
10, 40.754535, -73.97589499999998
10, 40.755042, -73.975847
10, 40.754536, -73.975814
10, 40.754572, -73.975738
10, 40.754987, -73.97569699999998
10, 40.754386, -73.97592199999998
10, 40.75144, -73.982228
10, 40.751311, -73.98210799999998
10, 40.75124, -73.982034
10, 40.751399, -73.982263
10, 40.751527, -73.98144999999998
10, 40.751265, -73.981532
10, 40.751283, -73.98153
10, 40.751318, -73.981496
10, 40.751358, -73.97998699999998
10, 40.751532, -73.980113
10, 40.751393, -73.98008699999998
10, 40.752549, -73.977796
10, 40.752382, -73.97767899999998
10, 40.752788, -73.978015
10, 40.75198, -73.97771299999998
10, 40.752116, -73.97767
10, 40.751859, -73.977919
10, 40.752408, -73.97762799999998
10, 40.751758, -73.977969
10, 40.75184, -73.977845
10, 40.751802, -73.977912
10, 40.751524, -73.978288
10, 40.752879, -73.97786499999998
10, 40.752024, -73.977541
10, 40.751828, -73.977822
10, 40.751912, -73.97771
10, 40.751997, -73.977592
10, 40.751819, -73.977677
10, 40.751443, -73.97824
10, 40.751422, -73.978025
10, 40.754684, -73.97557
10, 40.754669, -73.97556199999998
10, 40.754453, -73.975643
10, 40.754483, -73.97581499999998
10, 40.754509, -73.975645
10, 40.754468, -73.975583
10, 40.755294, -73.97590099999998
10, 40.755043, -73.97565299999998
10, 40.755259, -73.97602399999998
10, 40.754611, -73.97550699999998
10, 40.754868, -73.975493
10, 40.755025, -73.975448
10, 40.754892, -73.975485
10, 40.754185, -73.976042
10, 40.751277, -73.982425
10, 40.751472, -73.982455
10, 40.75105, -73.98205
10, 40.751015, -73.98215299999998
10, 40.75133, -73.98017
10, 40.751487, -73.98025099999998
10, 40.751365, -73.98028399999998
10, 40.751247, -73.98009899999998
10, 40.751222, -73.980034
10, 40.751267, -73.980053
10, 40.751378, -73.980177
10, 40.751463, -73.980248
10, 40.751535, -73.98017
10, 40.751276, -73.980213
10, 40.75156, -73.980242
10, 40.75151, -73.980355
10, 40.751473, -73.980323
10, 40.752682, -73.97753
10, 40.752287, -73.97743199999998
10, 40.752555, -73.97747699999998
10, 40.752936, -73.977838
10, 40.752054, -73.97749399999998
10, 40.75201, -73.977508
10, 40.752067, -73.977445
10, 40.752127, -73.97744
10, 40.752072, -73.977401
10, 40.752158, -73.977382
10, 40.752314, -73.97736299999998
10, 40.751505, -73.97797699999998
10, 40.751474, -73.97797199999998
10, 40.753027, -73.977725
10, 40.751961, -73.977395
10, 40.752217, -73.977314
10, 40.751915, -73.977395
10, 40.751723, -73.977503
10, 40.751722, -73.977508
10, 40.751265, -73.978052
10, 40.751445, -73.977798
10, 40.751378, -73.977855
10, 40.754582, -73.975403
10, 40.754687, -73.97535999999998
10, 40.754851, -73.975409
10, 40.75426, -73.975521
10, 40.755483, -73.97567999999998
10, 40.755211, -73.976106
10, 40.755065, -73.975357
10, 40.751154, -73.982605
10, 40.751078, -73.982439
10, 40.751039, -73.982465
10, 40.751127, -73.982408
10, 40.751467, -73.98264299999998
10, 40.751234, -73.98260299999998
10, 40.751137, -73.982597
10, 40.750867, -73.982038
10, 40.750855, -73.982088
10, 40.750868, -73.98224999999998
10, 40.750853, -73.982195
10, 40.750945, -73.98237899999998
10, 40.750936, -73.982355
10, 40.750776, -73.982208
10, 40.751145, -73.98032499999998
10, 40.751093, -73.980255
10, 40.751205, -73.980323
10, 40.751573, -73.980447
10, 40.751487, -73.98054899999998
10, 40.751385, -73.980466
10, 40.751171, -73.98045
10, 40.752765, -73.97731799999998
10, 40.752678, -73.977452
10, 40.75229, -73.97719999999998
10, 40.751874, -73.97726299999998
10, 40.751872, -73.977277
10, 40.751958, -73.97722
10, 40.751883, -73.97722899999998
10, 40.752054, -73.977163
10, 40.752133, -73.97709999999998
10, 40.753191, -73.97750499999998
10, 40.753253, -73.97769499999998
10, 40.751988, -73.977107
10, 40.75184, -73.977147
10, 40.751763, -73.97726
10, 40.751745, -73.977168
10, 40.751706, -73.97718999999998
10, 40.751603, -73.977451
10, 40.751017, -73.97816799999998
10, 40.751343, -73.977635
10, 40.754676, -73.975211
10, 40.755622, -73.97591799999998
10, 40.755575, -73.975648
10, 40.755517, -73.975431
10, 40.750957, -73.982518
10, 40.750912, -73.982478
10, 40.751064, -73.98263699999998
10, 40.750877, -73.982708
10, 40.750837, -73.982596
10, 40.750941, -73.980359
10, 40.751042, -73.980497
10, 40.751008, -73.980547
10, 40.750993, -73.980542
10, 40.751458, -73.980663
10, 40.750917, -73.980568
10, 40.750974, -73.980613
10, 40.75259, -73.977085
10, 40.752695, -73.977135
10, 40.752106, -73.976988
10, 40.751913, -73.977035
10, 40.751877, -73.977022
10, 40.751697, -73.977137
10, 40.751842, -73.976989
10, 40.751878, -73.976968
10, 40.751582, -73.97721199999998
10, 40.751872, -73.977
10, 40.752006, -73.976859
10, 40.753437, -73.977492
10, 40.75342, -73.977743
10, 40.751896, -73.976887
10, 40.751581, -73.977157
10, 40.751502, -73.977202
10, 40.751518, -73.97698
10, 40.751358, -73.977441
10, 40.750945, -73.978386
10, 40.750989, -73.97836499999998
10, 40.751132, -73.978389
10, 40.75098, -73.97828
10, 40.750785, -73.978012
10, 40.751011, -73.97821999999998
10, 40.751132, -73.97762299999998
10, 40.75128, -73.97741
10, 40.754567, -73.974947
10, 40.755747, -73.97597
10, 40.755666, -73.976044
10, 40.755796, -73.975617
10, 40.755497, -73.97520199999998
10, 40.75579, -73.975323
10, 40.755588, -73.975148
10, 40.755612, -73.975188
10, 40.750834, -73.982781
10, 40.750653, -73.98256
10, 40.750727, -73.982765
10, 40.75071, -73.98293099999998
10, 40.750589, -73.982736
10, 40.750785, -73.98010499999998
10, 40.750887, -73.980619
10, 40.750685, -73.98032999999998
10, 40.75081, -73.980638
10, 40.751015, -73.980789
10, 40.750971, -73.980686
10, 40.751099, -73.98074599999998
10, 40.751697, -73.98079799999998
10, 40.751545, -73.980858
10, 40.750683, -73.98063
10, 40.752083, -73.976695
10, 40.752215, -73.976663
10, 40.751901, -73.97665999999998
10, 40.753545, -73.97757699999998
10, 40.753374, -73.97722799999998
10, 40.753615, -73.977638
10, 40.751362, -73.976836
10, 40.751262, -73.976927
10, 40.751361, -73.97674
10, 40.751382, -73.976809
10, 40.75133, -73.976752
10, 40.751203, -73.97728999999998
10, 40.751138, -73.977293
10, 40.751185, -73.97719999999998
10, 40.750815, -73.97842099999998
10, 40.750748, -73.978345
10, 40.75076, -73.978335
10, 40.750746, -73.978549
10, 40.7509, -73.977468
10, 40.750951, -73.977663
10, 40.751042, -73.977654
10, 40.755927, -73.976175
10, 40.755957, -73.97576499999998
10, 40.755923, -73.975837
10, 40.756025, -73.97587
10, 40.755992, -73.975717
10, 40.755573, -73.97491999999998
10, 40.75536, -73.975018
10, 40.755441, -73.97498199999998
10, 40.755542, -73.97511
10, 40.755527, -73.975048
10, 40.755895, -73.97506199999998
10, 40.755892, -73.975048
10, 40.755917, -73.97530299999998
10, 40.755663, -73.974907
10, 40.755789, -73.974952
10, 40.750407, -73.982653
10, 40.750532, -73.982963
10, 40.750482, -73.983103
10, 40.750711, -73.983102
10, 40.75036, -73.982837
10, 40.750602, -73.98075
10, 40.750587, -73.980822
10, 40.750598, -73.980715
10, 40.75056, -73.98057
10, 40.750952, -73.980963
10, 40.750387, -73.980598
10, 40.751675, -73.976543
10, 40.751671, -73.976588
10, 40.75176, -73.97649599999998
10, 40.751797, -73.976538
10, 40.751475, -73.976667
10, 40.751163, -73.97661999999998
10, 40.751057, -73.97690699999998
10, 40.751035, -73.977095
10, 40.751067, -73.97703799999998
10, 40.751262, -73.97645699999998
10, 40.751402, -73.97645199999998
10, 40.751593, -73.976629
10, 40.75099, -73.97727
10, 40.75057, -73.97829
10, 40.750649, -73.978503
10, 40.750623, -73.978402
10, 40.750626, -73.978559
10, 40.750827, -73.97869699999998
10, 40.750558, -73.97846
10, 40.750523, -73.97828199999998
10, 40.750783, -73.97879899999998
10, 40.750594, -73.978744
10, 40.750504, -73.97871999999998
10, 40.750723, -73.97761699999998
10, 40.75073, -73.97768999999998
10, 40.756172, -73.975693
10, 40.756203, -73.976087
10, 40.756244, -73.97587799999998
10, 40.756283, -73.97571999999998
10, 40.75561, -73.97484799999998
10, 40.755822, -73.97489299999998
10, 40.755817, -73.97489199999998
10, 40.755149, -73.975064
10, 40.755117, -73.97493799999998
10, 40.755084, -73.974975
10, 40.756132, -73.975008
10, 40.756107, -73.974935
10, 40.756065, -73.974967
10, 40.755778, -73.974682
10, 40.755903, -73.974693
10, 40.755934, -73.974726
10, 40.750414, -73.983033
10, 40.750253, -73.98314999999998
10, 40.750292, -73.983213
10, 40.750187, -73.98286199999998
10, 40.750093, -73.98289
10, 40.750372, -73.98076
10, 40.750352, -73.980805
10, 40.75044, -73.980913
10, 40.750375, -73.980863
10, 40.750393, -73.980942
10, 40.750515, -73.981003
10, 40.750163, -73.980772
10, 40.750223, -73.980849
10, 40.750338, -73.980365
10, 40.75154, -73.976465
10, 40.751604, -73.976478
10, 40.751724, -73.97632799999998
10, 40.752017, -73.976369
10, 40.751175, -73.97632299999998
10, 40.750882, -73.977057
10, 40.751024, -73.976336
10, 40.751071, -73.97629399999998
10, 40.751302, -73.97635099999998
10, 40.751342, -73.976358
10, 40.750294, -73.97828599999998
10, 40.750431, -73.97836499999998
10, 40.750323, -73.97813399999998
10, 40.750419, -73.97842699999998
10, 40.750455, -73.97864099999998
10, 40.75063, -73.978846
10, 40.750809, -73.978933
10, 40.750282, -73.97855199999998
10, 40.750287, -73.978423
10, 40.750755, -73.979076
10, 40.750556, -73.978865
10, 40.750473, -73.978915
10, 40.750373, -73.97875
10, 40.750282, -73.978767
10, 40.750253, -73.978673
10, 40.750521, -73.97761
10, 40.750561, -73.97785399999998
10, 40.756208, -73.975437
10, 40.756388, -73.97567499999998
10, 40.756377, -73.97553499999998
10, 40.756321, -73.975622
10, 40.755648, -73.974575
10, 40.755991, -73.974699
10, 40.755065, -73.97489199999998
10, 40.75491, -73.974772
10, 40.756098, -73.974765
10, 40.756112, -73.97479699999998
10, 40.756237, -73.975037
10, 40.756072, -73.974644
10, 40.755975, -73.97450399999998
10, 40.755957, -73.97453799999998
10, 40.755688, -73.97440899999998
10, 40.75582, -73.974485
10, 40.755935, -73.974457
10, 40.755951, -73.97459999999998
10, 40.756075, -73.97453299999998
10, 40.750153, -73.98317
10, 40.749928, -73.98283
10, 40.749952, -73.98303199999998
10, 40.75011, -73.980815
10, 40.750289, -73.98099399999998
10, 40.750285, -73.981037
10, 40.750298, -73.98098
10, 40.75011, -73.98091499999998
10, 40.750287, -73.981093
10, 40.750266, -73.98112299999998
10, 40.750475, -73.981108
10, 40.750197, -73.98109499999998
10, 40.749874, -73.98077399999998
10, 40.750925, -73.97624299999998
10, 40.75096, -73.976247
10, 40.750953, -73.976208
10, 40.751191, -73.97615
10, 40.751082, -73.976071
10, 40.750708, -73.977078
10, 40.750819, -73.976526
10, 40.750893, -73.976118
10, 40.750666, -73.979123
10, 40.750533, -73.979073
10, 40.750128, -73.978768
10, 40.75042, -73.97909699999998
10, 40.75022, -73.978993
10, 40.750205, -73.978902
10, 40.750182, -73.978907
10, 40.750147, -73.97883199999998
10, 40.749984, -73.978744
10, 40.750528, -73.97731299999998
10, 40.750387, -73.977412
10, 40.750376, -73.977823
10, 40.750261, -73.9777
10, 40.754697, -73.97477499999998
10, 40.75628, -73.97456699999998
10, 40.755485, -73.974226
10, 40.755667, -73.974182
10, 40.755427, -73.974322
10, 40.756204, -73.97427899999998
10, 40.75, -73.98332
10, 40.750191, -73.98124099999998
10, 40.750141, -73.981273
10, 40.750056, -73.981302
10, 40.749984, -73.981255
10, 40.749748, -73.980963
10, 40.749825, -73.981015
10, 40.750737, -73.976067
10, 40.7508, -73.976118
10, 40.750992, -73.975978
10, 40.751329, -73.976011
10, 40.751178, -73.975823
10, 40.750915, -73.975843
10, 40.751072, -73.975785
10, 40.750901, -73.97589399999998
10, 40.750597, -73.97659799999998
10, 40.75057, -73.97646299999998
10, 40.750687, -73.97667199999998
10, 40.750598, -73.976455
10, 40.750795, -73.975897
10, 40.750807, -73.97938
10, 40.750025, -73.979043
10, 40.749848, -73.978868
10, 40.74986, -73.97873
10, 40.749947, -73.97883
10, 40.749942, -73.97891199999998
10, 40.750038, -73.979027
10, 40.750264, -73.979211
10, 40.750011, -73.979061
10, 40.750085, -73.97923
10, 40.750013, -73.97905
10, 40.749886, -73.978575
10, 40.749937, -73.97851199999998
10, 40.749802, -73.97856
10, 40.749857, -73.97892799999998
10, 40.749835, -73.97863499999998
10, 40.75048, -73.97708199999998
10, 40.756377, -73.97434699999998
10, 40.756547, -73.974635
10, 40.756505, -73.97462
10, 40.755349, -73.97436299999998
10, 40.755258, -73.974417
10, 40.755245, -73.974115
10, 40.755448, -73.97412
10, 40.755487, -73.97408699999998
10, 40.756378, -73.97417299999998
10, 40.756473, -73.97421199999998
10, 40.74977, -73.983492
10, 40.749751, -73.983411
10, 40.749878, -73.98152399999998
10, 40.7497, -73.981228
10, 40.749637, -73.981038
10, 40.750575, -73.976219
10, 40.750689, -73.97583199999998
10, 40.750697, -73.975778
10, 40.750885, -73.97578799999998
10, 40.751568, -73.975971
10, 40.751588, -73.97601799999998
10, 40.751293, -73.97557
10, 40.750996, -73.975609
10, 40.750775, -73.975735
10, 40.75048, -73.976557
10, 40.750415, -73.976432
10, 40.750403, -73.97636699999998
10, 40.75048, -73.976287
10, 40.749985, -73.979225
10, 40.750105, -73.979363
10, 40.750249, -73.97941
10, 40.749815, -73.978359
10, 40.756521, -73.974247
10, 40.756648, -73.974439
10, 40.756538, -73.974112
10, 40.756573, -73.974468
10, 40.756815, -73.974575
10, 40.756695, -73.974428
10, 40.756702, -73.974496
10, 40.756743, -73.97474699999998
10, 40.756633, -73.97476299999998
10, 40.756675, -73.974592
10, 40.756656, -73.974517
10, 40.755262, -73.973923
10, 40.755336, -73.97391899999998
10, 40.754993, -73.97421
10, 40.755585, -73.97385699999998
10, 40.756353, -73.97395299999998
10, 40.749703, -73.983537
10, 40.7497, -73.983526
10, 40.749829, -73.981531
10, 40.749727, -73.98153499999998
10, 40.74973, -73.98149499999998
10, 40.74966, -73.981272
10, 40.750383, -73.976113
10, 40.750498, -73.97575999999998
10, 40.750857, -73.975513
10, 40.751705, -73.975818
10, 40.751647, -73.975897
10, 40.751527, -73.97544499999998
10, 40.751125, -73.975328
10, 40.751527, -73.975458
10, 40.750208, -73.976522
10, 40.750199, -73.976417
10, 40.750137, -73.976332
10, 40.750113, -73.976293
10, 40.749771, -73.978201
10, 40.75692, -73.97452
10, 40.75694, -73.9745
10, 40.756918, -73.97432499999998
10, 40.756917, -73.974535
10, 40.756922, -73.974642
10, 40.756842, -73.974912
10, 40.755518, -73.97359799999998
10, 40.75585, -73.973888
10, 40.756307, -73.97377199999998
10, 40.756478, -73.973798
10, 40.756092, -73.973957
10, 40.756332, -73.973858
10, 40.74941, -73.98353299999998
10, 40.749428, -73.983529
10, 40.749692, -73.983832
10, 40.749415, -73.98344799999998
10, 40.749559, -73.981629
10, 40.74948, -73.981503
10, 40.749462, -73.98167499999998
10, 40.74951, -73.981513
10, 40.749562, -73.981685
10, 40.749392, -73.981318
10, 40.750809, -73.97530899999998
10, 40.751634, -73.97554599999998
10, 40.751929, -73.975944
10, 40.751755, -73.97566
10, 40.751615, -73.97546199999998
10, 40.75167, -73.975367
10, 40.75161, -73.97531999999998
10, 40.75149, -73.975237
10, 40.751578, -73.975277
10, 40.751341, -73.975147
10, 40.751227, -73.97515199999998
10, 40.751182, -73.975279
10, 40.751345, -73.975173
10, 40.750009, -73.97631599999998
10, 40.757141, -73.974693
10, 40.757073, -73.974328
10, 40.757218, -73.97460499999998
10, 40.757142, -73.97419999999998
10, 40.756475, -73.97361499999998
10, 40.755886, -73.973837
10, 40.749175, -73.983652
10, 40.749538, -73.981795
10, 40.749428, -73.981717
10, 40.749368, -73.981745
10, 40.749348, -73.981402
10, 40.750702, -73.975237
10, 40.750597, -73.975155
10, 40.750733, -73.975228
10, 40.750597, -73.975328
10, 40.751852, -73.97529299999998
10, 40.751897, -73.97522999999998
10, 40.75183, -73.97522999999998
10, 40.751868, -73.975177
10, 40.751398, -73.97516199999998
10, 40.751433, -73.97500499999998
10, 40.751139, -73.974979
10, 40.751228, -73.97497699999998
10, 40.757425, -73.974607
10, 40.75706, -73.97404799999998
10, 40.757283, -73.974117
10, 40.757307, -73.974
10, 40.757307, -73.974
10, 40.757307, -73.974
10, 40.757307, -73.974002
10, 40.757283, -73.974022
10, 40.756527, -73.97346299999998
10, 40.756523, -73.973442
10, 40.756487, -73.97338999999998
10, 40.749222, -73.98386
10, 40.749109, -73.983942
10, 40.749033, -73.983671
10, 40.749161, -73.981685
10, 40.75052, -73.975223
10, 40.750645, -73.974862
10, 40.750382, -73.97547199999998
10, 40.752005, -73.975066
10, 40.752071, -73.975305
10, 40.752042, -73.975142
10, 40.751982, -73.974908
10, 40.75199, -73.974906
10, 40.751545, -73.974812
10, 40.751454, -73.974731
10, 40.756872, -73.97401
10, 40.757413, -73.973867
10, 40.757448, -73.973923
10, 40.757363, -73.973792
10, 40.756463, -73.97322099999998
10, 40.756516, -73.973145
10, 40.749297, -73.98409499999998
10, 40.749253, -73.984042
10, 40.749179, -73.98415799999998
10, 40.750246, -73.97517499999998
10, 40.750267, -73.97507299999998
10, 40.750502, -73.97481999999998
10, 40.750576, -73.97462199999998
10, 40.750755, -73.974765
10, 40.750852, -73.974658
10, 40.752203, -73.97496099999998
10, 40.752109, -73.97495999999998
10, 40.752264, -73.974917
10, 40.752217, -73.97524199999998
10, 40.751852, -73.974815
10, 40.752292, -73.97539
10, 40.752155, -73.975578
10, 40.752123, -73.97468
10, 40.751795, -73.97480299999998
10, 40.751703, -73.974787
10, 40.751353, -73.974603
10, 40.751565, -73.974721
10, 40.751285, -73.974647
10, 40.75762, -73.973713
10, 40.757483, -73.973702
10, 40.757403, -73.973678
10, 40.75739, -73.973605
10, 40.757632, -73.974007
10, 40.757671, -73.973918
10, 40.757443, -73.973529
10, 40.756533, -73.972938
10, 40.756407, -73.97306
10, 40.748952, -73.984269
10, 40.750235, -73.97511
10, 40.750248, -73.974997
10, 40.750111, -73.97530899999998
10, 40.749978, -73.975008
10, 40.750282, -73.974663
10, 40.750412, -73.97462799999998
10, 40.750597, -73.97434199999998
10, 40.750614, -73.974435
10, 40.750827, -73.974423
10, 40.752292, -73.974625
10, 40.752342, -73.975482
10, 40.75231, -73.97548899999998
10, 40.752341, -73.975442
10, 40.752379, -73.974609
10, 40.751131, -73.974514
10, 40.75785, -73.97354199999998
10, 40.757713, -73.973498
10, 40.757853, -73.973588
10, 40.757468, -73.973393
10, 40.757229, -73.973507
10, 40.757443, -73.973269
10, 40.757687, -73.97341
10, 40.75657, -73.972762
10, 40.75011, -73.974788
10, 40.749858, -73.97521399999998
10, 40.749964, -73.97556299999998
10, 40.749917, -73.974773
10, 40.749696, -73.975002
10, 40.750001, -73.974806
10, 40.750492, -73.974067
10, 40.750502, -73.974203
10, 40.750843, -73.974252
10, 40.750461, -73.97422299999998
10, 40.750962, -73.97421199999998
10, 40.750973, -73.974378
10, 40.751023, -73.974312
10, 40.752407, -73.974449
10, 40.752498, -73.974438
10, 40.752135, -73.97437499999998
10, 40.75246, -73.97463
10, 40.752637, -73.97545499999998
10, 40.752605, -73.97540999999998
10, 40.752585, -73.97476399999998
10, 40.751178, -73.974304
10, 40.757837, -73.97325999999998
10, 40.757805, -73.97336699999998
10, 40.757957, -73.973293
10, 40.757713, -73.973342
10, 40.757966, -73.973461
10, 40.757928, -73.973685
10, 40.757425, -73.97322
10, 40.75739, -73.973175
10, 40.756997, -73.97347999999998
10, 40.749914, -73.974691
10, 40.749682, -73.975102
10, 40.749785, -73.975409
10, 40.749785, -73.97542699999998
10, 40.749709, -73.97536599999998
10, 40.749967, -73.974497
10, 40.749509, -73.975165
10, 40.750513, -73.97396399999998
10, 40.750503, -73.97381799999998
10, 40.750576, -73.973888
10, 40.750266, -73.97407099999998
10, 40.75022, -73.97421
10, 40.751024, -73.974148
10, 40.751075, -73.974193
10, 40.75092, -73.974117
10, 40.751138, -73.97419499999998
10, 40.7511, -73.974085
10, 40.752328, -73.974305
10, 40.752745, -73.974601
10, 40.752092, -73.97408199999998
10, 40.752145, -73.97414
10, 40.752732, -73.97469499999998
10, 40.75273, -73.975299
10, 40.752612, -73.975631
10, 40.752575, -73.97517
10, 40.758065, -73.97329399999998
10, 40.758082, -73.97320399999998
10, 40.758081, -73.973084
10, 40.758227, -73.973495
10, 40.758132, -73.97383999999998
10, 40.757645, -73.97302899999998
10, 40.757303, -73.972988
10, 40.757168, -73.973048
10, 40.757298, -73.97292
10, 40.756874, -73.973375
10, 40.75688, -73.973465
10, 40.756827, -73.973307
10, 40.756872, -73.973248
10, 40.749818, -73.97442499999998
10, 40.74951, -73.97529299999998
10, 40.749644, -73.975594
10, 40.749602, -73.97566399999998
10, 40.749432, -73.975273
10, 40.749464, -73.97540399999998
10, 40.750098, -73.974248
10, 40.750696, -73.973799
10, 40.750342, -73.973583
10, 40.750671, -73.973619
10, 40.750109, -73.974002
10, 40.749968, -73.97418999999998
10, 40.751176, -73.97398699999998
10, 40.75126, -73.973977
10, 40.751073, -73.97381
10, 40.752997, -73.974627
10, 40.752919, -73.974664
10, 40.752105, -73.973802
10, 40.75188, -73.974117
10, 40.752745, -73.97512999999998
10, 40.752855, -73.97521999999998
10, 40.758358, -73.973246
10, 40.757885, -73.972908
10, 40.758105, -73.972835
10, 40.758307, -73.972988
10, 40.758019, -73.972897
10, 40.75845, -73.97340199999998
10, 40.75771, -73.972948
10, 40.757585, -73.972868
10, 40.757604, -73.97275999999998
10, 40.757758, -73.97276499999998
10, 40.757098, -73.972965
10, 40.757078, -73.973163
10, 40.757321, -73.972831
10, 40.757034, -73.973177
10, 40.74927, -73.97535999999998
10, 40.74936, -73.975648
10, 40.749555, -73.97576499999998
10, 40.749283, -73.975532
10, 40.750385, -73.97337899999998
10, 40.75026, -73.97332299999998
10, 40.750145, -73.97347499999998
10, 40.750286, -73.97349599999998
10, 40.750297, -73.97347999999998
10, 40.750047, -73.97372199999998
10, 40.751312, -73.97377799999998
10, 40.75112, -73.97373899999998
10, 40.751374, -73.973765
10, 40.751517, -73.974
10, 40.751458, -73.97418299999998
10, 40.75124, -73.97362699999998
10, 40.753224, -73.974524
10, 40.753025, -73.97488699999998
10, 40.753288, -73.974661
10, 40.753044, -73.97467899999998
10, 40.75323, -73.97481
10, 40.752021, -73.97362599999998
10, 40.751934, -73.973608
10, 40.752145, -73.97351299999998
10, 40.75216, -73.97363799999998
10, 40.752029, -73.973651
10, 40.751857, -73.973775
10, 40.751918, -73.973652
10, 40.752046, -73.973764
10, 40.752307, -73.973848
10, 40.758386, -73.97295599999998
10, 40.75847, -73.973175
10, 40.757797, -73.97269199999998
10, 40.758057, -73.97260699999998
10, 40.758045, -73.972548
10, 40.758487, -73.972812
10, 40.758446, -73.972873
10, 40.758468, -73.972915
10, 40.758523, -73.973685
10, 40.757547, -73.972567
10, 40.757284, -73.97262
10, 40.749168, -73.97551799999998
10, 40.749117, -73.975575
10, 40.749042, -73.975453
10, 40.749055, -73.975172
10, 40.749162, -73.975728
10, 40.749122, -73.975632
10, 40.74921, -73.975803
10, 40.74906, -73.975722
10, 40.749013, -73.97560799999998
10, 40.74902, -73.975638
10, 40.750502, -73.973113
10, 40.749895, -73.973628
10, 40.751409, -73.97363099999998
10, 40.751034, -73.973499
10, 40.751625, -73.97384499999998
10, 40.751652, -73.97381699999998
10, 40.751665, -73.973893
10, 40.751693, -73.97380699999998
10, 40.753379, -73.974644
10, 40.75336, -73.97435
10, 40.75339, -73.974715
10, 40.753178, -73.97506
10, 40.753472, -73.974829
10, 40.751942, -73.97352499999998
10, 40.751823, -73.97359299999998
10, 40.752243, -73.973482
10, 40.751813, -73.973392
10, 40.75218, -73.97327799999998
10, 40.752221, -73.973358
10, 40.752208, -73.97333299999998
10, 40.758424, -73.972679
10, 40.758143, -73.972463
10, 40.758312, -73.972522
10, 40.758038, -73.972395
10, 40.758072, -73.972508
10, 40.757688, -73.97230299999998
10, 40.748912, -73.975398
10, 40.748961, -73.97553399999998
10, 40.749069, -73.975814
10, 40.748867, -73.97573199999998
10, 40.748902, -73.975268
10, 40.749308, -73.975977
10, 40.74915, -73.97598399999998
10, 40.74887, -73.975891
10, 40.748732, -73.97560199999998
10, 40.75363, -73.97456699999998
10, 40.751789, -73.973273
10, 40.751632, -73.973208
10, 40.752442, -73.973177
10, 40.752205, -73.973062
10, 40.758361, -73.972482
10, 40.758173, -73.972272
10, 40.758068, -73.972181
10, 40.74882, -73.97593
10, 40.748885, -73.97598499999998
10, 40.748883, -73.976005
10, 40.748967, -73.97600799999998
10, 40.748874, -73.97599099999998
10, 40.748777, -73.97585499999998
10, 40.74863, -73.975863
10, 40.74874, -73.975942
10, 40.748643, -73.97562999999998
10, 40.748645, -73.97561399999998
10, 40.748657, -73.97587799999998
10, 40.748728, -73.975925
10, 40.749174, -73.976107
10, 40.749352, -73.97619799999998
10, 40.749155, -73.976223
10, 40.748495, -73.975705
10, 40.752722, -73.97315999999998
10, 40.752473, -73.97311399999998
10, 40.752458, -73.972999
10, 40.752441, -73.973073
10, 40.752293, -73.972987
10, 40.752552, -73.973078
10, 40.752439, -73.972941
10, 40.748547, -73.975852
10, 40.74886, -73.976219
10, 40.7485, -73.97609
10, 40.749325, -73.976365
10, 40.748952, -73.97631199999998
10, 40.752992, -73.97310299999998
10, 40.752965, -73.97322699999998
10, 40.752738, -73.972975
10, 40.753008, -73.97312499999998
10, 40.752771, -73.973287
10, 40.752702, -73.97292299999998
10, 40.752773, -73.973067
10, 40.752583, -73.97291099999998
10, 40.752909, -73.973353
10, 40.752753, -73.97300699999998
10, 40.752933, -73.97311899999998
10, 40.752337, -73.972792
10, 40.752657, -73.97282199999998
10, 40.74868, -73.976397
10, 40.748416, -73.97621599999998
10, 40.748493, -73.97617099999998
10, 40.748455, -73.976265
10, 40.749397, -73.97664299999998
10, 40.749168, -73.97655799999998
10, 40.749085, -73.976523
10, 40.753078, -73.973043
10, 40.753178, -73.973038
10, 40.752719, -73.972691
10, 40.752778, -73.97277599999998
10, 40.752793, -73.973538
10, 40.752795, -73.972668
10, 40.752901, -73.97359899999998
10, 40.752998, -73.973563
10, 40.752868, -73.97358199999998
10, 40.748792, -73.976652
10, 40.748247, -73.976437
10, 40.749368, -73.976757
10, 40.749308, -73.976715
10, 40.748964, -73.976619
10, 40.753263, -73.97289499999998
10, 40.753425, -73.97287699999998
10, 40.753357, -73.97325399999998
10, 40.752957, -73.972522
10, 40.753059, -73.97272599999998
10, 40.752717, -73.973612
10, 40.75322, -73.97375499999998
10, 40.753252, -73.973472
10, 40.753428, -73.972656
10, 40.753217, -73.972627
10, 40.753283, -73.972609
10, 40.753715, -73.97293999999998
10, 40.753638, -73.97295599999998
10, 40.753099, -73.972639
10, 40.752916, -73.972342
10, 40.753492, -73.973528
10, 40.753486, -73.97256899999998
10, 40.753435, -73.97237699999998
10, 40.753285, -73.97246599999998
10, 40.753283, -73.97234799999998
10, 40.753767, -73.97314
10, 40.7538, -73.973122
10, 40.753642, -73.97242099999998
10, 40.753643, -73.972361
10, 40.753598, -73.972387
10, 40.753675, -73.9723
10, 40.753399, -73.972178
10, 40.753253, -73.972266
10, 40.753212, -73.972237
10, 40.753492, -73.97217999999998
10, 40.753399, -73.97208999999998
10, 40.753145, -73.97219
10, 40.753965, -73.97331
10, 40.753676, -73.97216799999998
10, 40.753935, -73.972418
10, 40.753872, -73.972487
10, 40.753653, -73.972065
10, 40.753858, -73.972139
10, 40.75357, -73.97206699999998
10, 40.753733, -73.97202699999998
10, 40.753478, -73.971993
10, 40.753369, -73.97196499999998
10, 40.753485, -73.971828
10, 40.754108, -73.973521
10, 40.75408, -73.973393
10, 40.753733, -73.971922
10, 40.754147, -73.972555
10, 40.754005, -73.97251199999998
10, 40.753908, -73.972674
10, 40.754057, -73.97217499999998
10, 40.753928, -73.97259699999998
10, 40.754074, -73.972206
10, 40.753987, -73.971934
10, 40.753908, -73.97183699999998
10, 40.753357, -73.97178499999998
10, 40.753613, -73.97172299999998
10, 40.753452, -73.971557
10, 40.754253, -73.973651
10, 40.753908, -73.973635
10, 40.754066, -73.97374999999998
10, 40.754338, -73.972622
10, 40.754098, -73.971863
10, 40.753906, -73.971547
10, 40.75382, -73.971565
10, 40.754408, -73.973825
10, 40.754468, -73.973708
10, 40.753827, -73.97391
10, 40.753792, -73.973568
10, 40.753863, -73.97377299999998
10, 40.753884, -73.973849
10, 40.753819, -73.97389099999998
10, 40.753942, -73.97399699999998
10, 40.753904, -73.97399299999998
10, 40.75463, -73.973651
10, 40.754448, -73.97404
10, 40.754673, -73.97394699999998
10, 40.753843, -73.974188
10, 40.753665, -73.973984
10, 40.753669, -73.973934
10, 40.753765, -73.974041
10, 40.754, -73.974185
10, 40.754522, -73.974113
10, 40.754375, -73.974152
10, 40.754777, -73.97418899999998
10, 40.754827, -73.97407699999998
10, 40.754025, -73.974287
10, 40.754012, -73.974293
